{
  "project_info": {
    "project_number": "273790620325",
    "firebase_url": "https://ca2-72f54-default-rtdb.firebaseio.com",
    "project_id": "ca2-72f54",
    "storage_bucket": "ca2-72f54.appspot.com"
  },
  "client": [
    {
      "client_info": {
        "mobilesdk_app_id": "1:273790620325:android:59b54e215ec312f50cb34c",
        "android_client_info": {
          "package_name": "com.example.ca2_2023"
        }
      },
      "oauth_client": [],
      "api_key": [
        {
          "current_key": "AIzaSyDCCoRGBaw4p9937eQySgh5SmTSBTFJJog"
        }
      ],
      "services": {
        "appinvite_service": {
          "other_platform_oauth_client": []
        }
      }
    },
    {
      "client_info": {
        "mobilesdk_app_id": "1:273790620325:android:94a83deca41ccd5c0cb34c",
        "android_client_info": {
          "package_name": "com.example.ca2cornelius"
        }
      },
      "oauth_client": [],
      "api_key": [
        {
          "current_key": "AIzaSyDCCoRGBaw4p9937eQySgh5SmTSBTFJJog"
        }
      ],
      "services": {
        "appinvite_service": {
          "other_platform_oauth_client": []
        }
      }
    }
  ],
  "configuration_version": "1"
}